{
	"format_version": "1.8.0",
	"animations": {
		"animation.ra.idle": {
			"loop": true,
			"animation_length": 4,
			"bones": {
				"base": {
					"position": {
						"0.0": [0, 2, 0],
						"1.0": [0, 0, 0],
						"2.0": [0, 3, 0],
						"3.0": [0, -1, 0],
						"4.0": [0, 2, 0]
					}
				},
				"pecho": {
					"rotation": {
						"0.0": [-7.5, 0, 0],
						"2.2083": [-5, 0, 0],
						"4.0": [-7.5, 0, 0]
					}
				},
				"brazo": {
					"rotation": {
						"0.0": [40, 0, 0],
						"1.4583": [27.5, 0, 0],
						"4.0": [40, 0, 0]
					}
				},
				"bone3": {
					"rotation": {
						"0.0": [-95, 0, 0],
						"2.0417": [-72.5, 0, 0],
						"4.0": [-95, 0, 0]
					}
				},
				"bone4": {
					"rotation": [20.82708, -0.34192, -13.16889]
				},
				"bone6": {
					"rotation": [-22.5, 0, -7.5]
				},
				"bone5": {
					"rotation": [10, 0, 17.5]
				},
				"pierna": {
					"rotation": [0, 0, 0]
				},
				"bone": {
					"rotation": [20, 0, 0]
				},
				"bone2": {
					"rotation": {
						"0.0": [27.5, 0, 0],
						"1.7083": [22.5, 0, 0]
					}
				},
				"tela_delante": {
					"rotation": {
						"0.0": [-12.5, 0, 0],
						"0.875": [-22.5, 0, 0],
						"2.125": [-2.5, 0, 0],
						"4.0": [-12.5, 0, 0]
					}
				},
				"tela_detras": {
					"rotation": {
						"0.0": [10, 0, 0],
						"1.2917": [17.5, 0, 0],
						"2.7917": [5, 0, 0],
						"4.0": [10, 0, 0]
					}
				},
				"brazo2": {
					"rotation": {
						"0.0": [-5, 0, 0],
						"1.1667": [-20, 0, 0],
						"4.0": [-5, 0, 0]
					}
				},
				"bone7": {
					"rotation": {
						"0.0": [-122.5, 0, 0],
						"2.2083": [-112.5, 0, 0],
						"4.0": [-122.5, 0, 0]
					}
				},
				"bone8": {
					"rotation": {
						"0.0": [0, 0, -35],
						"2.2083": [0, 0, -40],
						"4.0": [0, 0, -35]
					}
				},
				"bone9": {
					"rotation": {
						"0.0": [-40, 0, 0],
						"2.2083": [-47.5, 0, 0],
						"4.0": [-40, 0, 0]
					}
				},
				"bone10": {
					"rotation": {
						"0.0": [2.11491, -0.89579, 23.99593],
						"2.0417": [2.11, -0.9, 31.5],
						"4.0": [2.11491, -0.89579, 23.99593]
					}
				},
				"cabeza": {
					"rotation": {
						"0.0": [7.5, 0, 0],
						"1.5417": [7.5, -7.5, 0],
						"2.7083": [7.5, 5, 0],
						"4.0": [7.5, 0, 0]
					}
				},
				"cubo": {
					"rotation": {
						"0.0": [0, 0, 0],
						"2.0": [0, 150, 0],
						"4.0": [0, 360, 0]
					}
				}
			}
		},
		"animation.ra.attack": {
			"animation_length": 1.5,
			"bones": {
				"base": {
					"position": {
						"0.0": [0, 2, 0],
						"1.0": [0, 0, 0],
						"1.5": [0, 2, 0]
					}
				},
				"pecho": {
					"rotation": {
						"0.0": [-7.5, 0, 0],
						"1.5": [-7.5, 0, 0]
					}
				},
				"brazo": {
					"rotation": {
						"0.0": [40, 0, 0],
						"0.9583": [62.5, 0, 0],
						"1.5": [40, 0, 0]
					}
				},
				"bone3": {
					"rotation": {
						"0.0": [-95, 0, 0],
						"0.9583": [-40, 0, 0],
						"1.5": [-95, 0, 0]
					}
				},
				"bone4": {
					"rotation": {
						"0.0": [20.82708, -0.34192, -13.16889],
						"1.5": [20.82708, -0.34192, -13.16889]
					}
				},
				"bone6": {
					"rotation": {
						"0.0": [-22.5, 0, -7.5],
						"1.5": [-22.5, 0, -7.5]
					}
				},
				"bone5": {
					"rotation": {
						"0.0": [10, 0, 17.5],
						"1.5": [10, 0, 17.5]
					}
				},
				"pierna": {
					"rotation": {
						"0.0": [0, 0, 0],
						"1.5": [0, 0, 0]
					}
				},
				"bone": {
					"rotation": {
						"0.0": [20, 0, 0],
						"1.5": [20, 0, 0]
					}
				},
				"bone2": {
					"rotation": {
						"0.0": [27.5, 0, 0],
						"1.5": [27.5, 0, 0]
					}
				},
				"tela_delante": {
					"rotation": {
						"0.0": [-12.5, 0, 0],
						"0.75": [-5, 0, 0],
						"1.5": [-12.5, 0, 0]
					}
				},
				"tela_detras": {
					"rotation": {
						"0.0": [10, 0, 0],
						"0.75": [5, 0, 0],
						"1.5": [10, 0, 0]
					}
				},
				"brazo2": {
					"rotation": {
						"0.0": [-5, 0, 0],
						"0.8333": [-90, 0, 0],
						"1.5": [-5, 0, 0]
					}
				},
				"bone7": {
					"rotation": {
						"0.0": [-122.5, 0, 0],
						"0.8333": [-62.5, 0, 0],
						"1.5": [-122.5, 0, 0]
					}
				},
				"bone8": {
					"rotation": {
						"0.0": [0, 0, -35],
						"1.5": [0, 0, -35]
					}
				},
				"bone9": {
					"rotation": {
						"0.0": [-40, 0, 0],
						"1.5": [-40, 0, 0]
					}
				},
				"bone10": {
					"rotation": {
						"0.0": [2.11491, -0.89579, 23.99593],
						"1.5": [2.11491, -0.89579, 23.99593]
					}
				},
				"cabeza": {
					"rotation": {
						"0.0": [7.5, 0, 0],
						"0.375": [15, 0, 0],
						"0.8333": [0, 0, 0],
						"1.5": [7.5, 0, 0]
					}
				},
				"cubo": {
					"rotation": {
						"0.0": [0, 0, 0],
						"1.5": [0, 360, 0]
					}
				}
			}
		},
		"animation.ra.move": {
			"loop": true,
			"animation_length": 4,
			"bones": {
				"base": {
					"rotation": {
						"0.0": [5, 0, 0],
						"4.0": [5, 0, 0]
					},
					"position": {
						"0.0": [0, 2, 0],
						"1.0": [0, 0, 0],
						"2.0": [0, 3, 0],
						"3.0": [0, -1, 0],
						"4.0": [0, 2, 0]
					}
				},
				"pecho": {
					"rotation": {
						"0.0": [-5, 0, 0],
						"4.0": [-5, 0, 0]
					}
				},
				"brazo": {
					"rotation": {
						"0.0": [40, 0, 0],
						"1.875": [22.5, 0, 0],
						"4.0": [40, 0, 0]
					}
				},
				"bone3": {
					"rotation": {
						"0.0": [-95, 0, 0],
						"1.875": [-80, 0, 0],
						"4.0": [-95, 0, 0]
					}
				},
				"bone4": {
					"rotation": {
						"0.0": [20.82708, -0.34192, -13.16889],
						"4.0": [20.82708, -0.34192, -13.16889]
					}
				},
				"bone6": {
					"rotation": {
						"0.0": [-22.5, 0, -7.5],
						"4.0": [-22.5, 0, -7.5]
					}
				},
				"bone5": {
					"rotation": {
						"0.0": [10, 0, 17.5],
						"4.0": [10, 0, 17.5]
					}
				},
				"pierna": {
					"rotation": {
						"0.0": [0, 0, 0],
						"4.0": [0, 0, 0]
					}
				},
				"bone": {
					"rotation": {
						"0.0": [20, 0, 0],
						"4.0": [20, 0, 0]
					}
				},
				"bone2": {
					"rotation": {
						"0.0": [27.5, 0, 0],
						"4.0": [27.5, 0, 0]
					}
				},
				"tela_delante": {
					"rotation": {
						"0.0": [-12.5, 0, 0],
						"1.1667": [-20, 0, 0],
						"2.7917": [-5, 0, 0],
						"4.0": [-12.5, 0, 0]
					}
				},
				"tela_detras": {
					"rotation": {
						"0.0": [10, 0, 0],
						"1.1667": [15, 0, 0],
						"2.7917": [5, 0, 0],
						"4.0": [10, 0, 0]
					}
				},
				"brazo2": {
					"rotation": {
						"0.0": [-5, 0, 0],
						"1.875": [7.5, 0, 0],
						"4.0": [-5, 0, 0]
					}
				},
				"bone7": {
					"rotation": {
						"0.0": [-122.5, 0, 0],
						"1.875": [-107.5, 0, 0],
						"4.0": [-122.5, 0, 0]
					}
				},
				"bone8": {
					"rotation": {
						"0.0": [0, 0, -35],
						"4.0": [0, 0, -35]
					}
				},
				"bone9": {
					"rotation": {
						"0.0": [-40, 0, 0],
						"4.0": [-40, 0, 0]
					}
				},
				"bone10": {
					"rotation": {
						"0.0": [2.11491, -0.89579, 23.99593],
						"4.0": [2.11491, -0.89579, 23.99593]
					}
				},
				"cabeza": {
					"rotation": {
						"0.0": [0, 0, 0],
						"4.0": [0, 0, 0]
					}
				},
				"cubo": {
					"rotation": {
						"0.0": [0, 0, 0],
						"4.0": [0, 360, 0]
					}
				}
			}
		},
		"animation.ra.casting": {
			"animation_length": 2,
			"bones": {
				"base": {
					"position": {
						"0.0": [0, 2, 0],
						"1.0": [0, 0, 0],
						"2.0": [0, 2, 0]
					}
				},
				"pecho": {
					"rotation": {
						"0.0": [-7.5, 0, 0],
						"1.0": [2.5, 0, 0],
						"2.0": [-7.5, 0, 0]
					}
				},
				"brazo": {
					"rotation": {
						"0.0": [40, 0, 0],
						"1.0": [30, 0, 0],
						"2.0": [40, 0, 0]
					}
				},
				"bone3": {
					"rotation": {
						"0.0": [-95, 0, 0],
						"1.0": [-70, 0, 0],
						"2.0": [-95, 0, 0]
					}
				},
				"bone4": {
					"rotation": [20.82708, -0.34192, -13.16889]
				},
				"bone6": {
					"rotation": [-22.5, 0, -7.5]
				},
				"bone5": {
					"rotation": [10, 0, 17.5]
				},
				"pierna": {
					"rotation": {
						"0.0": [0, 0, 0],
						"2.0": [0, 0, 0]
					}
				},